{"created": 1723416775943, "name": "TCGA-06-5414-01Z-00-DX1.9b71e393-8801-480b-90a0-ee533ed24b0c.svs", "data": [{"isFalse": false, "isNew": false, "className": "normal", "bl": {"x": 32207, "y": 14190.077094972075}, "br": {"x": 32267, "y": 14190.077094972075}, "tl": {"x": 32207, "y": 14116.379888268166}, "tr": {"x": 32267, "y": 14116.379888268166}}, {"isFalse": false, "isNew": false, "className": "normal", "bl": {"x": 13894.002567394095, "y": 9638.727313486372}, "br": {"x": 13942.486521181, "y": 9638.727313486372}, "tl": {"x": 13894.002567394095, "y": 9597.180359435173}, "tr": {"x": 13942.486521181, "y": 9597.180359435173}}, {"isFalse": false, "isNew": false, "className": "normal", "bl": {"x": 33197.5, "y": 18362}, "br": {"x": 33263.5, "y": 18362}, "tl": {"x": 33197.5, "y": 18302}, "tr": {"x": 33263.5, "y": 18302}}]}