{"created": 1693127573948, "name": "TCGA-06-5412-01Z-00-DX1.039632bd-2493-4a78-839c-3734eae662f8.svs", "data": [{"isFalse": false, "isNew": false, "className": "atypical", "bl": {"x": 80380.84142394822, "y": 23690.91909385113}, "br": {"x": 80448.45954692557, "y": 23690.91909385113}, "tl": {"x": 80380.84142394822, "y": 23630.550161812294}, "tr": {"x": 80448.45954692557, "y": 23630.550161812294}}]}