{"created": 1717379741144, "name": "TCGA-06-0130-01Z-00-DX1.0391b65f-4e1d-4444-abb0-e5804606d461.svs", "data": [{"isFalse": false, "isNew": false, "className": "atypical", "bl": {"x": 5043.5, "y": 4898}, "br": {"x": 5100.5, "y": 4898}, "tl": {"x": 5043.5, "y": 4835}, "tr": {"x": 5100.5, "y": 4835}}, {"isFalse": false, "isNew": false, "className": "atypical", "bl": {"x": 4931.818181818182, "y": 2127.545454545454}, "br": {"x": 5003, "y": 2127.545454545454}, "tl": {"x": 4931.818181818182, "y": 2080}, "tr": {"x": 5003, "y": 2080}}, {"isFalse": false, "isNew": false, "className": "normal", "bl": {"x": 4611.818181818182, "y": 4673.909090909091}, "br": {"x": 4672.09090909091, "y": 4673.909090909091}, "tl": {"x": 4611.818181818182, "y": 4627.272727272727}, "tr": {"x": 4672.09090909091, "y": 4627.272727272727}}]}