{"created": 1715883637564, "name": "TCGA-27-1832-01Z-00-DX1.594a794d-ac95-4dc7-a105-bc52bc969935.svs", "data": [{"isFalse": false, "isNew": false, "className": "normal", "bl": {"x": 35629.79664804468, "y": 20215.86480446927}, "br": {"x": 35664.85698324021, "y": 20215.86480446927}, "tl": {"x": 35629.79664804468, "y": 20183.995530726253}, "tr": {"x": 35664.85698324021, "y": 20183.995530726253}}]}