{"created": 1718591156028, "name": "TCGA-06-0190-01Z-00-DX1.84da294a-81f2-4820-b72e-f084769f771a.svs", "data": [{"isFalse": false, "isNew": false, "className": "granular", "bl": {"x": 33976.1593625498, "y": 7134.733067729083}, "br": {"x": 34041.505976095614, "y": 7134.733067729083}, "tl": {"x": 33976.1593625498, "y": 7061.800796812748}, "tr": {"x": 34041.505976095614, "y": 7061.800796812748}}, {"isFalse": false, "isNew": false, "className": "normal", "bl": {"x": 11058.181818181818, "y": 6022.88005499186}, "br": {"x": 11086.449164357475, "y": 6022.88005499186}, "tl": {"x": 11058.181818181818, "y": 5998.181818181818}, "tr": {"x": 11086.449164357475, "y": 5998.181818181818}}, {"isFalse": false, "isNew": false, "className": "normal", "bl": {"x": 18599.09090909091, "y": 14676.909090909092}, "br": {"x": 18641.454545454544, "y": 14676.909090909092}, "tl": {"x": 18599.09090909091, "y": 14643.636363636364}, "tr": {"x": 18641.454545454544, "y": 14643.636363636364}}]}