{"created": 1718006522346, "name": "TCGA-06-0141-01Z-00-DX1.ec301079-2d58-4079-b2ab-d8fdbca2fbf7.svs", "data": [{"isFalse": false, "isNew": false, "className": "granular", "bl": {"x": 13774.62063615206, "y": 17591.878975950356}, "br": {"x": 13825.227307990695, "y": 17591.878975950356}, "tl": {"x": 13774.62063615206, "y": 17541.27230411172}, "tr": {"x": 13825.227307990695, "y": 17541.27230411172}}, {"isFalse": false, "isNew": false, "className": "normal", "bl": {"x": 10132.220325833976, "y": 19799.48021722265}, "br": {"x": 10169.283165244375, "y": 19799.48021722265}, "tl": {"x": 10132.220325833976, "y": 19760.983708301006}, "tr": {"x": 10169.283165244375, "y": 19760.983708301006}}, {"isFalse": false, "isNew": false, "className": "normal", "bl": {"x": 10375.379363847944, "y": 19601.134212567886}, "br": {"x": 10409.053529868117, "y": 19601.134212567886}, "tl": {"x": 10375.379363847944, "y": 19569.43677269201}, "tr": {"x": 10409.053529868117, "y": 19569.43677269201}}, {"isFalse": false, "isNew": false, "className": "normal", "bl": {"x": 11746.647812257565, "y": 17304.282591155934}, "br": {"x": 11782.534608223432, "y": 17304.282591155934}, "tl": {"x": 11746.647812257565, "y": 17269.532792862687}, "tr": {"x": 11782.534608223432, "y": 17269.532792862687}}]}