{"created": 1697046390169, "name": "TCGA-26-5135-01Z-00-DX1.928F0E13-33FE-4669-9DCE-A53654D99764.svs", "data": [{"isFalse": false, "isNew": false, "className": "normal", "bl": {"x": 42302.399999999994, "y": 23863.17894736842}, "br": {"x": 42356.73684210525, "y": 23863.17894736842}, "tl": {"x": 42302.399999999994, "y": 23808.252631578944}, "tr": {"x": 42356.73684210525, "y": 23808.252631578944}}, {"isFalse": false, "isNew": false, "className": "normal", "bl": {"x": 61472.362573099395, "y": 13541.854970760229}, "br": {"x": 61530.465497076, "y": 13541.854970760229}, "tl": {"x": 61472.362573099395, "y": 13481.93450292397}, "tr": {"x": 61530.465497076, "y": 13481.93450292397}}, {"isFalse": false, "isNew": false, "className": "normal", "bl": {"x": 81722.04444444444, "y": 49926.888888888876}, "br": {"x": 81784.66666666666, "y": 49926.888888888876}, "tl": {"x": 81722.04444444444, "y": 49874.84444444443}, "tr": {"x": 81784.66666666666, "y": 49874.84444444443}}]}