{"created": 1697049428651, "name": "TCGA-12-0828-01Z-00-DX2.E884D44B-E63F-47B3-BC43-F48A036EF99F.svs", "data": [{"isFalse": false, "isNew": false, "className": "granular", "bl": {"x": 8899.091954022992, "y": 6966.2068965517265}, "br": {"x": 8966.436781609202, "y": 6966.2068965517265}, "tl": {"x": 8899.091954022992, "y": 6916.637931034482}, "tr": {"x": 8966.436781609202, "y": 6916.637931034482}}]}