{"created": 1713485277210, "name": "TCGA-06-5418-01Z-00-DX1.8c45ebb4-528d-4d2d-bde0-05266b51f06c.svs", "data": [{"isFalse": false, "isNew": false, "className": "atypical", "bl": {"x": 11808.603773584911, "y": 14354.84905660378}, "br": {"x": 11877.113207547174, "y": 14354.84905660378}, "tl": {"x": 11808.603773584911, "y": 14293.735849056611}, "tr": {"x": 11877.113207547174, "y": 14293.735849056611}}, {"isFalse": false, "isNew": false, "className": "normal", "bl": {"x": 41341.831903945116, "y": 7152.365351629502}, "br": {"x": 41384.5986277873, "y": 7152.365351629502}, "tl": {"x": 41341.831903945116, "y": 7102.682675814751}, "tr": {"x": 41384.5986277873, "y": 7102.682675814751}}, {"isFalse": false, "isNew": false, "className": "normal", "bl": {"x": 12924.185248713555, "y": 15452.22813036021}, "br": {"x": 12965.60720411664, "y": 15452.22813036021}, "tl": {"x": 12924.185248713555, "y": 15416.809605488856}, "tr": {"x": 12965.60720411664, "y": 15416.809605488856}}, {"isFalse": false, "isNew": false, "className": "normal", "bl": {"x": 71155.34459691247, "y": 31702.903070325876}, "br": {"x": 71193.86953687816, "y": 31702.903070325876}, "tl": {"x": 71155.34459691247, "y": 31670.483979416786}, "tr": {"x": 71193.86953687816, "y": 31670.483979416786}}]}