{"created": 1723353025112, "name": "TCGA-06-0747-01Z-00-DX4.b69d6545-b545-486e-83bc-863330ee2083.svs", "data": [{"isFalse": false, "isNew": false, "className": "normal", "bl": {"x": 18834.216733067733, "y": 23576.349800796816}, "br": {"x": 18871.686055776896, "y": 23576.349800796816}, "tl": {"x": 18834.216733067733, "y": 23528.85179282869}, "tr": {"x": 18871.686055776896, "y": 23528.85179282869}}]}