{"created": 1716649281999, "name": "TCGA-02-0070-01Z-00-DX1.5E0E6185-E40B-4BDB-A762-03399FBD7C12.svs", "data": [{"isFalse": false, "isNew": false, "className": "granular", "bl": {"x": 50521.0457504809, "y": 40817.889946071286}, "br": {"x": 51595.51193096017, "y": 40817.889946071286}, "tl": {"x": 50521.0457504809, "y": 38698.85537766898}, "tr": {"x": 51595.51193096017, "y": 38698.85537766898}}]}