{"created": 1704937674485, "name": "TCGA-41-2571-01Z-00-DX1.d0a404d6-6cd0-42ab-b7c7-a9c35b9efbb9.svs", "data": [{"isFalse": false, "isNew": false, "className": "atypical", "bl": {"x": 4082.8536312849124, "y": 19142.55195530726}, "br": {"x": 4172.218994413407, "y": 19142.55195530726}, "tl": {"x": 4082.8536312849124, "y": 19067.3061452514}, "tr": {"x": 4172.218994413407, "y": 19067.3061452514}}, {"isFalse": false, "isNew": false, "className": "atypical", "bl": {"x": 14864, "y": 41384}, "br": {"x": 14991, "y": 41384}, "tl": {"x": 14864, "y": 41241}, "tr": {"x": 14991, "y": 41241}}, {"isFalse": false, "isNew": false, "className": "atypical", "bl": {"x": 86781, "y": 33540.5}, "br": {"x": 86972, "y": 33540.5}, "tl": {"x": 86781, "y": 33395.5}, "tr": {"x": 86972, "y": 33395.5}}, {"isFalse": false, "isNew": false, "className": "uncertain", "bl": {"x": 43198.5, "y": 10419}, "br": {"x": 43275.5, "y": 10419}, "tl": {"x": 43198.5, "y": 10348}, "tr": {"x": 43275.5, "y": 10348}}]}