{"created": 1715885158343, "name": "TCGA-27-1831-01Z-00-DX1.81054173-8861-43fd-ba8a-54e58d7ac0f2.svs", "data": [{"isFalse": false, "isNew": false, "className": "normal", "bl": {"x": 35932.16129608938, "y": 9508.497966480447}, "br": {"x": 35962.4815642458, "y": 9508.497966480447}, "tl": {"x": 35932.16129608938, "y": 9470.933363128492}, "tr": {"x": 35962.4815642458, "y": 9470.933363128492}}, {"isFalse": false, "isNew": false, "className": "normal", "bl": {"x": 38961.818181818184, "y": 6095.090909090909}, "br": {"x": 38994.181818181816, "y": 6095.090909090909}, "tl": {"x": 38961.818181818184, "y": 6065.454545454545}, "tr": {"x": 38994.181818181816, "y": 6065.454545454545}}, {"isFalse": false, "isNew": false, "className": "normal", "bl": {"x": 37840.90909090909, "y": 7067.818181818182}, "br": {"x": 37868.727272727265, "y": 7067.818181818182}, "tl": {"x": 37840.90909090909, "y": 7039.09090909091}, "tr": {"x": 37868.727272727265, "y": 7039.09090909091}}, {"isFalse": false, "isNew": false, "className": "normal", "bl": {"x": 37342.72727272728, "y": 7457.818181818182}, "br": {"x": 37371.454545454544, "y": 7457.818181818182}, "tl": {"x": 37342.72727272728, "y": 7425.454545454546}, "tr": {"x": 37371.454545454544, "y": 7425.454545454546}}]}