{"created": 1713996246796, "name": "TCGA-14-1825-01Z-00-DX1.f09203b7-73b2-4600-a92e-b097508b86ba.svs", "data": [{"isFalse": false, "isNew": false, "className": "normal", "bl": {"x": 2456.363636363637, "y": 2689.363636363637}, "br": {"x": 2485.727272727273, "y": 2689.363636363637}, "tl": {"x": 2456.363636363637, "y": 2655.454545454546}, "tr": {"x": 2485.727272727273, "y": 2655.454545454546}}]}