{"created": 1697068915103, "name": "TCGA-06-5410-01Z-00-DX1.6fca0716-7c1d-4545-bdde-9cdb3aa6aa5f.svs", "data": [{"isFalse": false, "isNew": false, "className": "normal", "bl": {"x": 4751.3376644354275, "y": 12400.304490324446}, "br": {"x": 4788.375796334864, "y": 12400.304490324446}, "tl": {"x": 4751.3376644354275, "y": 12369.473373276602}, "tr": {"x": 4788.375796334864, "y": 12369.473373276602}}]}